"filename", "language", "JSON", "HTML", "JavaScript", "PostCSS", "JavaScript JSX", "XML", "Markdown", "comment", "blank", "total"
"c:\Users\ranwa\Desktop\Uni\FINAL\Ryan Anwar 228939 GP\stockvisor-frontend\README.md", "Markdown", 0, 0, 0, 0, 0, 0, 9, 0, 8, 17
"c:\Users\ranwa\Desktop\Uni\FINAL\Ryan Anwar 228939 GP\stockvisor-frontend\eslint.config.js", "JavaScript", 0, 0, 28, 0, 0, 0, 0, 0, 2, 30
"c:\Users\ranwa\Desktop\Uni\FINAL\Ryan Anwar 228939 GP\stockvisor-frontend\index.html", "HTML", 0, 13, 0, 0, 0, 0, 0, 0, 1, 14
"c:\Users\ranwa\Desktop\Uni\FINAL\Ryan Anwar 228939 GP\stockvisor-frontend\package-lock.json", "JSON", 4934, 0, 0, 0, 0, 0, 0, 0, 1, 4935
"c:\Users\ranwa\Desktop\Uni\FINAL\Ryan Anwar 228939 GP\stockvisor-frontend\package.json", "JSON", 42, 0, 0, 0, 0, 0, 0, 0, 1, 43
"c:\Users\ranwa\Desktop\Uni\FINAL\Ryan Anwar 228939 GP\stockvisor-frontend\plan-stockvisorBackend.md", "Markdown", 0, 0, 0, 0, 0, 0, 402, 0, 64, 466
"c:\Users\ranwa\Desktop\Uni\FINAL\Ryan Anwar 228939 GP\stockvisor-frontend\public\vite.svg", "XML", 0, 0, 0, 0, 0, 1, 0, 0, 0, 1
"c:\Users\ranwa\Desktop\Uni\FINAL\Ryan Anwar 228939 GP\stockvisor-frontend\src\App.css", "PostCSS", 0, 0, 0, 0, 0, 0, 0, 0, 1, 1
"c:\Users\ranwa\Desktop\Uni\FINAL\Ryan Anwar 228939 GP\stockvisor-frontend\src\App.jsx", "JavaScript JSX", 0, 0, 0, 0, 44, 0, 0, 3, 5, 52
"c:\Users\ranwa\Desktop\Uni\FINAL\Ryan Anwar 228939 GP\stockvisor-frontend\src\components\AIInsightsSidebar.jsx", "JavaScript JSX", 0, 0, 0, 0, 294, 0, 0, 8, 39, 341
"c:\Users\ranwa\Desktop\Uni\FINAL\Ryan Anwar 228939 GP\stockvisor-frontend\src\components\AdminRoute.jsx", "JavaScript JSX", 0, 0, 0, 0, 19, 0, 0, 0, 6, 25
"c:\Users\ranwa\Desktop\Uni\FINAL\Ryan Anwar 228939 GP\stockvisor-frontend\src\components\AnalystChart.jsx", "JavaScript JSX", 0, 0, 0, 0, 208, 0, 0, 0, 23, 231
"c:\Users\ranwa\Desktop\Uni\FINAL\Ryan Anwar 228939 GP\stockvisor-frontend\src\components\AreaChartPortfolio.jsx", "JavaScript JSX", 0, 0, 0, 0, 201, 0, 0, 0, 20, 221
"c:\Users\ranwa\Desktop\Uni\FINAL\Ryan Anwar 228939 GP\stockvisor-frontend\src\components\Discussion.jsx", "JavaScript JSX", 0, 0, 0, 0, 411, 0, 0, 0, 44, 455
"c:\Users\ranwa\Desktop\Uni\FINAL\Ryan Anwar 228939 GP\stockvisor-frontend\src\components\Layout.jsx", "JavaScript JSX", 0, 0, 0, 0, 186, 0, 0, 3, 14, 203
"c:\Users\ranwa\Desktop\Uni\FINAL\Ryan Anwar 228939 GP\stockvisor-frontend\src\components\PortfolioRadarChart.jsx", "JavaScript JSX", 0, 0, 0, 0, 71, 0, 0, 1, 10, 82
"c:\Users\ranwa\Desktop\Uni\FINAL\Ryan Anwar 228939 GP\stockvisor-frontend\src\components\ProtectedRoute.jsx", "JavaScript JSX", 0, 0, 0, 0, 13, 0, 0, 4, 4, 21
"c:\Users\ranwa\Desktop\Uni\FINAL\Ryan Anwar 228939 GP\stockvisor-frontend\src\components\StockHeatmap.jsx", "JavaScript JSX", 0, 0, 0, 0, 165, 0, 0, 6, 23, 194
"c:\Users\ranwa\Desktop\Uni\FINAL\Ryan Anwar 228939 GP\stockvisor-frontend\src\components\StockWdgets.jsx", "JavaScript JSX", 0, 0, 0, 0, 139, 0, 0, 3, 9, 151
"c:\Users\ranwa\Desktop\Uni\FINAL\Ryan Anwar 228939 GP\stockvisor-frontend\src\components\StocksTable.jsx", "JavaScript JSX", 0, 0, 0, 0, 348, 0, 0, 11, 21, 380
"c:\Users\ranwa\Desktop\Uni\FINAL\Ryan Anwar 228939 GP\stockvisor-frontend\src\components\TipsComponent.jsx", "JavaScript JSX", 0, 0, 0, 0, 124, 0, 0, 16, 11, 151
"c:\Users\ranwa\Desktop\Uni\FINAL\Ryan Anwar 228939 GP\stockvisor-frontend\src\components\TutorialPopup.jsx", "JavaScript JSX", 0, 0, 0, 0, 240, 0, 0, 0, 25, 265
"c:\Users\ranwa\Desktop\Uni\FINAL\Ryan Anwar 228939 GP\stockvisor-frontend\src\context\AuthContext.jsx", "JavaScript JSX", 0, 0, 0, 0, 70, 0, 0, 8, 12, 90
"c:\Users\ranwa\Desktop\Uni\FINAL\Ryan Anwar 228939 GP\stockvisor-frontend\src\hooks\useAuth.jsx", "JavaScript JSX", 0, 0, 0, 0, 1, 0, 0, 1, 1, 3
"c:\Users\ranwa\Desktop\Uni\FINAL\Ryan Anwar 228939 GP\stockvisor-frontend\src\hooks\useTheme.jsx", "JavaScript JSX", 0, 0, 0, 0, 17, 0, 0, 0, 5, 22
"c:\Users\ranwa\Desktop\Uni\FINAL\Ryan Anwar 228939 GP\stockvisor-frontend\src\index.css", "PostCSS", 0, 0, 0, 2, 0, 0, 0, 0, 2, 4
"c:\Users\ranwa\Desktop\Uni\FINAL\Ryan Anwar 228939 GP\stockvisor-frontend\src\main.jsx", "JavaScript JSX", 0, 0, 0, 0, 15, 0, 0, 0, 2, 17
"c:\Users\ranwa\Desktop\Uni\FINAL\Ryan Anwar 228939 GP\stockvisor-frontend\src\pages\About.jsx", "JavaScript JSX", 0, 0, 0, 0, 146, 0, 0, 5, 9, 160
"c:\Users\ranwa\Desktop\Uni\FINAL\Ryan Anwar 228939 GP\stockvisor-frontend\src\pages\AccountSettings.jsx", "JavaScript JSX", 0, 0, 0, 0, 154, 0, 0, 4, 18, 176
"c:\Users\ranwa\Desktop\Uni\FINAL\Ryan Anwar 228939 GP\stockvisor-frontend\src\pages\AdminDashboard.jsx", "JavaScript JSX", 0, 0, 0, 0, 353, 0, 0, 0, 40, 393
"c:\Users\ranwa\Desktop\Uni\FINAL\Ryan Anwar 228939 GP\stockvisor-frontend\src\pages\Community.jsx", "JavaScript JSX", 0, 0, 0, 0, 206, 0, 0, 3, 27, 236
"c:\Users\ranwa\Desktop\Uni\FINAL\Ryan Anwar 228939 GP\stockvisor-frontend\src\pages\DiscussionThread.jsx", "JavaScript JSX", 0, 0, 0, 0, 590, 0, 0, 0, 59, 649
"c:\Users\ranwa\Desktop\Uni\FINAL\Ryan Anwar 228939 GP\stockvisor-frontend\src\pages\Home.jsx", "JavaScript JSX", 0, 0, 0, 0, 185, 0, 0, 3, 28, 216
"c:\Users\ranwa\Desktop\Uni\FINAL\Ryan Anwar 228939 GP\stockvisor-frontend\src\pages\Login.jsx", "JavaScript JSX", 0, 0, 0, 0, 148, 0, 0, 7, 16, 171
"c:\Users\ranwa\Desktop\Uni\FINAL\Ryan Anwar 228939 GP\stockvisor-frontend\src\pages\News.jsx", "JavaScript JSX", 0, 0, 0, 0, 242, 0, 0, 1, 27, 270
"c:\Users\ranwa\Desktop\Uni\FINAL\Ryan Anwar 228939 GP\stockvisor-frontend\src\pages\Portfolio.jsx", "JavaScript JSX", 0, 0, 0, 0, 816, 0, 0, 14, 61, 891
"c:\Users\ranwa\Desktop\Uni\FINAL\Ryan Anwar 228939 GP\stockvisor-frontend\src\pages\Register.jsx", "JavaScript JSX", 0, 0, 0, 0, 209, 0, 0, 10, 21, 240
"c:\Users\ranwa\Desktop\Uni\FINAL\Ryan Anwar 228939 GP\stockvisor-frontend\src\pages\Tips.jsx", "JavaScript JSX", 0, 0, 0, 0, 376, 0, 0, 1, 8, 385
"c:\Users\ranwa\Desktop\Uni\FINAL\Ryan Anwar 228939 GP\stockvisor-frontend\src\services\api.js", "JavaScript", 0, 0, 24, 0, 0, 0, 0, 4, 5, 33
"c:\Users\ranwa\Desktop\Uni\FINAL\Ryan Anwar 228939 GP\stockvisor-frontend\vite.config.js", "JavaScript", 0, 0, 6, 0, 0, 0, 0, 1, 2, 9
"Total", "-", 4976, 13, 58, 2, 5991, 1, 411, 117, 675, 12244